id,name,category,vessel,vessel_name,shape,length_cm,width_cm,diameter_cm,height_cm,confirm,file
1,Eggs with Zaatar,Elia's Chef > Elia`s Breakfast,V04,"Round pan, brass handles - MINI",round,14,,14,NOT MEASURED,,001_Eggs-with-Zaatar.jpg
2,Eggs with Awarma,Elia's Chef > Elia`s Breakfast,V04,"Round pan, brass handles - MINI",round,14,,14,NOT MEASURED,,002_Eggs-with-Awarma.jpg
3,Eggs with Sujuk,Elia's Chef > Elia`s Breakfast,V04,"Round pan, brass handles - MINI",round,14,,14,NOT MEASURED,,003_Eggs-with-Sujuk.jpg
4,Eggs with Makanek,Elia's Chef > Elia`s Breakfast,V04,"Round pan, brass handles - MINI",round,14,,14,NOT MEASURED,,004_Eggs-with-Makanek.jpg
5,Scrambled Eggs,Elia's Chef > Elia`s Breakfast,V04,"Round pan, brass handles - MINI",round,14,,14,NOT MEASURED,,005_Scrambled-Eggs.jpg
6,Sunny-Side-Up Eggs,Elia's Chef > Elia`s Breakfast,V04,"Round pan, brass handles - MINI",round,14,,14,NOT MEASURED,,006_Sunny-Side-Up-Eggs.jpg
7,Shakshouka,Elia's Chef > Elia`s Breakfast,V04,"Round pan, brass handles - MINI",round,14,,14,NOT MEASURED,,007_Shakshouka.jpg
8,Mafarket Batata,Elia's Chef > Elia`s Breakfast,V04,"Round pan, brass handles - MINI",round,14,,14,NOT MEASURED,,008_Mafarket-Batata.jpg
9,Labneh (plain),Elia's Chef > Elia`s Breakfast,V06,Round shallow bowl / deep plate,round,20,,20,NOT MEASURED,,009_Labneh--plain.jpg
10,Labneh with Makdous,Elia's Chef > Elia`s Breakfast,V03,"Round pan, brass handles - SMALL",round,16,,16,NOT MEASURED,,010_Labneh-with-Makdous.jpg
11,Shanklish with Tomato,Elia's Chef > Elia`s Breakfast,V08,"Flat round plate, wide rim - LARGE",round,23,,23,NOT MEASURED,,011_Shanklish-with-Tomato.jpg
12,Cheese Ejjeh,Elia's Chef > Elia`s Breakfast,V04,"Round pan, brass handles - MINI",round,14,,14,NOT MEASURED,,012_Cheese-Ejjeh.jpg
13,Grilled Halloumi,Elia's Chef > Elia`s Breakfast,V12,"Oval pan, brass handles - SMALL",oval,20,14,,NOT MEASURED,,013_Grilled-Halloumi.jpg
14,Halloumi Knafeh,Elia's Chef > Elia`s Breakfast,V20,Terracotta fakhara bowl,round,15.5,,15.5,NOT MEASURED,,014_Halloumi-Knafeh.jpg
15,Jebneh Rakakat,Elia's Chef > Elia`s Breakfast,V10,"Oval pan, brass handles - MEDIUM",oval,28.5,18.5,,NOT MEASURED,,015_Jebneh-Rakakat.jpg
16,Hummus,Elia's Chef > Elia`s Breakfast,V06,Round shallow bowl / deep plate,round,20,,20,NOT MEASURED,,016_Hummus.jpg
17,Hummus Beiruti,Elia's Chef > Elia`s Breakfast,V06,Round shallow bowl / deep plate,round,20,,20,NOT MEASURED,,017_Hummus-Beiruti.jpg
18,Hummus with Beef Shawarma,Elia's Chef > Elia`s Breakfast,V06,Round shallow bowl / deep plate,round,20,,20,NOT MEASURED,,018_Hummus-with-Beef-Shawarma.jpg
19,"Hummus with Pesto, Tomato & Halloumi",Elia's Chef > Elia`s Breakfast,V06,Round shallow bowl / deep plate,round,20,,20,NOT MEASURED,,019_Hummus-with-Pesto--Tomato---Halloumi.jpg
20,Msabbaha Hummus,Elia's Chef > Elia`s Breakfast,V03,"Round pan, brass handles - SMALL",round,16,,16,NOT MEASURED,,020_Msabbaha-Hummus.jpg
21,Falafel,Elia's Chef > Elia`s Breakfast,V17,"Small rect tray, brass handles",rect,14.5,9.5,,NOT MEASURED,,021_Falafel.jpg
22,Mdammas Foul,Elia's Chef > Elia`s Breakfast,V03,"Round pan, brass handles - SMALL",round,16,,16,NOT MEASURED,,022_Mdammas-Foul.jpg
23,Foul with Orange & Tahini,Elia's Chef > Elia`s Breakfast,V20,Terracotta fakhara bowl,round,15.5,,15.5,NOT MEASURED,,023_Foul-with-Orange---Tahini.jpg
24,Alayet Banadoura,Elia's Chef > Elia`s Breakfast,V03,"Round pan, brass handles - SMALL",round,16,,16,NOT MEASURED,,024_Alayet-Banadoura.jpg
26,French Fries,Elia's Chef > Elia`s Breakfast,V19,Square steel plate - SMALL,rect,21,21,,NOT MEASURED,,026_French-Fries.jpg
27,Harra Batata,Elia's Chef > Elia`s Breakfast,V03,"Round pan, brass handles - SMALL",round,16,,16,NOT MEASURED,,027_Harra-Batata.jpg
28,Sujuk with Tomato,Elia's Chef > Elia`s Breakfast,V03,"Round pan, brass handles - SMALL",round,16,,16,NOT MEASURED,,028_Sujuk-with-Tomato.jpg
29,Mutabbal,Elia's Chef > Elia`s Breakfast,V06,Round shallow bowl / deep plate,round,20,,20,NOT MEASURED,,029_Mutabbal.jpg
30,Mutabbal Beetroot,Elia's Chef > Elia`s Breakfast,V06,Round shallow bowl / deep plate,round,20,,20,NOT MEASURED,,030_Mutabbal-Beetroot.jpg
31,Mhammara,Elia's Chef > Elia`s Breakfast,V06,Round shallow bowl / deep plate,round,20,,20,NOT MEASURED,,031_Mhammara.jpg
32,Mix Veggies,Elia's Chef > Elia`s Breakfast,V17,"Small rect tray, brass handles",rect,14.5,9.5,,NOT MEASURED,,032_Mix-Veggies.jpg
163,Elia`s Tabliyeh For Two,Elia's Chef > Elia`s Gathering,V24,"Tabliyeh board, 8 recesses",round,53,,53,NOT MEASURED,,163_Elia-s-Tabliyeh-For-Two.jpg
164,Elia`s Tabliyeh For Four,Elia's Chef > Elia`s Gathering,V24,"Tabliyeh board, 8 recesses",round,53,,53,NOT MEASURED,,164_Elia-s-Tabliyeh-For-Four.jpg
33,Zaatar,Elia's Chef > From the Oven,V25,Round wooden paddle board,round,29.5,,29.5,NOT MEASURED,,033_Zaatar.jpg
34,Wild Zaatar with bulghary cheese,Elia's Chef > From the Oven,V25,Round wooden paddle board,round,29.5,,29.5,NOT MEASURED,,034_Wild-Zaatar-with-bulghary-cheese.jpg
35,Zaatar & Cheese,Elia's Chef > From the Oven,V25,Round wooden paddle board,round,29.5,,29.5,NOT MEASURED,,035_Zaatar---Cheese.jpg
36,Zaatar with Labneh,Elia's Chef > From the Oven,V25,Round wooden paddle board,round,29.5,,29.5,NOT MEASURED,,036_Zaatar-with-Labneh.jpg
37,Cheese,Elia's Chef > From the Oven,V25,Round wooden paddle board,round,29.5,,29.5,NOT MEASURED,,037_Cheese.jpg
38,Tomato & Keshek,Elia's Chef > From the Oven,V25,Round wooden paddle board,round,29.5,,29.5,NOT MEASURED,,038_Tomato---Keshek.jpg
39,Kafta with Cheese,Elia's Chef > From the Oven,V25,Round wooden paddle board,round,29.5,,29.5,NOT MEASURED,,039_Kafta-with-Cheese.jpg
40,Lahm Bi Ajin,Elia's Chef > From the Oven,V25,Round wooden paddle board,round,29.5,,29.5,NOT MEASURED,,040_Lahm-Bi-Ajin.jpg
41,Eggplant Pesto & Cheese,Elia's Chef > From the Oven,V25,Round wooden paddle board,round,29.5,,29.5,NOT MEASURED,,041_Eggplant-Pesto---Cheese.jpg
42,Vermicelli & Chicken Soup,Elia's Chef > HOT SOUPS,V03,"Round pan, brass handles - SMALL",round,16,,16,NOT MEASURED,,042_Vermicelli---Chicken-Soup.jpg
43,Lentil Soup,Elia's Chef > HOT SOUPS,V03,"Round pan, brass handles - SMALL",round,16,,16,NOT MEASURED,,043_Lentil-Soup.jpg
44,Carrot & Pumpkin Soup,Elia's Chef > HOT SOUPS,V03,"Round pan, brass handles - SMALL",round,16,,16,NOT MEASURED,,044_Carrot---Pumpkin-Soup.jpg
45,Tabbouleh,Elia's Chef > FRESH SALADS,V13,Hammered oval bowl - LARGE,oval,28.5,19.5,,NOT MEASURED,,045_Tabbouleh.jpg
46,Fattoush,Elia's Chef > FRESH SALADS,V13,Hammered oval bowl - LARGE,oval,28.5,19.5,,NOT MEASURED,,046_Fattoush.jpg
47,Rocca Salad,Elia's Chef > FRESH SALADS,V18,Square steel plate - LARGE,rect,26,26,,NOT MEASURED,,047_Rocca-Salad.jpg
48,Tabboulet Maftoul – Beit Elia,Elia's Chef > FRESH SALADS,V14,Hammered oval bowl - SMALL,oval,23.5,16.5,,NOT MEASURED,YES - vessel not in the measured set,048_Tabboulet-Maftoul---Beit-Elia.jpg
49,Freekeh & Kale Salad  and chicken,Elia's Chef > FRESH SALADS,,NO MATCH - vessel never measured,,,,,NOT MEASURED,YES - needs measuring,
50,Jabaliyeh Saladwith kibbeh karaz,Elia's Chef > FRESH SALADS,V08,"Flat round plate, wide rim - LARGE",round,23,,23,NOT MEASURED,YES - vessel not in the measured set,050_Jabaliyeh-Saladwith-kibbeh-karaz.jpg
51,Hummus,Elia's Chef > COLD MEZZE,V06,Round shallow bowl / deep plate,round,20,,20,NOT MEASURED,,051_Hummus.jpg
52,Hummus Beiruti,Elia's Chef > COLD MEZZE,V06,Round shallow bowl / deep plate,round,20,,20,NOT MEASURED,,052_Hummus-Beiruti.jpg
53,Hummus with Beef Shawarma,Elia's Chef > COLD MEZZE,V06,Round shallow bowl / deep plate,round,20,,20,NOT MEASURED,,053_Hummus-with-Beef-Shawarma.jpg
54,"Hummus with Pesto, Tomato & Halloumi",Elia's Chef > COLD MEZZE,V06,Round shallow bowl / deep plate,round,20,,20,NOT MEASURED,,054_Hummus-with-Pesto--Tomato---Halloumi.jpg
55,Msabbaha Hummus,Elia's Chef > COLD MEZZE,V03,"Round pan, brass handles - SMALL",round,16,,16,NOT MEASURED,,055_Msabbaha-Hummus.jpg
56,Mutabbal,Elia's Chef > COLD MEZZE,V06,Round shallow bowl / deep plate,round,20,,20,NOT MEASURED,,056_Mutabbal.jpg
57,Mutabbal Beetroot,Elia's Chef > COLD MEZZE,V06,Round shallow bowl / deep plate,round,20,,20,NOT MEASURED,,057_Mutabbal-Beetroot.jpg
58,Mhammara,Elia's Chef > COLD MEZZE,V06,Round shallow bowl / deep plate,round,20,,20,NOT MEASURED,,058_Mhammara.jpg
59,Labneh with Makdous,Elia's Chef > COLD MEZZE,V06,Round shallow bowl / deep plate,round,20,,20,NOT MEASURED,,059_Labneh-with-Makdous.jpg
60,Warak Enab,Elia's Chef > COLD MEZZE,V19,Square steel plate - SMALL,rect,21,21,,NOT MEASURED,,060_Warak-Enab.jpg
61,Shanklish with Tomato,Elia's Chef > COLD MEZZE,V08,"Flat round plate, wide rim - LARGE",round,23,,23,NOT MEASURED,,061_Shanklish-with-Tomato.jpg
62,Bamyeh Bi Zeit,Elia's Chef > COLD MEZZE,V03,"Round pan, brass handles - SMALL",round,16,,16,NOT MEASURED,,062_Bamyeh-Bi-Zeit.jpg
63,Batinjan Raheb,Elia's Chef > COLD MEZZE,V08,"Flat round plate, wide rim - LARGE",round,23,,23,NOT MEASURED,,063_Batinjan-Raheb.jpg
64,Mix Veggies,Elia's Chef > COLD MEZZE,V17,"Small rect tray, brass handles",rect,14.5,9.5,,NOT MEASURED,,064_Mix-Veggies.jpg
65,Harra Batata,Elia's Chef > HOT MEZZE,V03,"Round pan, brass handles - SMALL",round,16,,16,NOT MEASURED,,065_Harra-Batata.jpg
66,French Fries,Elia's Chef > HOT MEZZE,V19,Square steel plate - SMALL,rect,21,21,,NOT MEASURED,,066_French-Fries.jpg
67,Crispy Cauliflower with green aioli,Elia's Chef > HOT MEZZE,V03,"Round pan, brass handles - SMALL",round,16,,16,NOT MEASURED,,067_Crispy-Cauliflower-with-green-aioli.jpg
68,Sujuk with Tomato,Elia's Chef > HOT MEZZE,V03,"Round pan, brass handles - SMALL",round,16,,16,NOT MEASURED,,068_Sujuk-with-Tomato.jpg
70,Fried Kibbeh,Elia's Chef > HOT MEZZE,V18,Square steel plate - LARGE,rect,26,26,,NOT MEASURED,,070_Fried-Kibbeh.jpg
71,Kibbeh with Mint Labneh,Elia's Chef > HOT MEZZE,V18,Square steel plate - LARGE,rect,26,26,,NOT MEASURED,,071_Kibbeh-with-Mint-Labneh.jpg
72,Kibbet sajjyeh,Elia's Chef > HOT MEZZE,V12,"Oval pan, brass handles - SMALL",oval,20,14,,NOT MEASURED,,072_Kibbet-sajjyeh.jpg
73,Jebneh Rakakat,Elia's Chef > HOT MEZZE,V10,"Oval pan, brass handles - MEDIUM",oval,28.5,18.5,,NOT MEASURED,,073_Jebneh-Rakakat.jpg
74,Meat Sambousek,Elia's Chef > HOT MEZZE,V17,"Small rect tray, brass handles",rect,14.5,9.5,,NOT MEASURED,,074_Meat-Sambousek.jpg
75,Musakhan Rolls,Elia's Chef > HOT MEZZE,V18,Square steel plate - LARGE,rect,26,26,,NOT MEASURED,,075_Musakhan-Rolls.jpg
76,Lahm Bi Ajin,Elia's Chef > HOT MEZZE,V25,Round wooden paddle board,round,29.5,,29.5,NOT MEASURED,,076_Lahm-Bi-Ajin.jpg
77,Halloumi  Knafeh,Elia's Chef > HOT MEZZE,V20,Terracotta fakhara bowl,round,15.5,,15.5,NOT MEASURED,,077_Halloumi--Knafeh.jpg
78,Meatballs with Tomato & Tahini,Elia's Chef > HOT MEZZE,V10,"Oval pan, brass handles - MEDIUM",oval,28.5,18.5,,NOT MEASURED,,078_Meatballs-with-Tomato---Tahini.jpg
79,Shrimp Fatteh,Elia's Chef > HOT MEZZE,V03,"Round pan, brass handles - SMALL",round,16,,16,NOT MEASURED,,079_Shrimp-Fatteh.jpg
80,Osmaliyeh Shrimp & Tartar Sauce,Elia's Chef > HOT MEZZE,V17,"Small rect tray, brass handles",rect,14.5,9.5,,NOT MEASURED,,080_Osmaliyeh-Shrimp---Tartar-Sauce.jpg
81,Provençal Shrimp,Elia's Chef > HOT MEZZE,V03,"Round pan, brass handles - SMALL",round,16,,16,NOT MEASURED,,081_Provençal-Shrimp.jpg
82,Provençal  Calamari w/ tomato,Elia's Chef > HOT MEZZE,V12,"Oval pan, brass handles - SMALL",oval,20,14,,NOT MEASURED,,082_Provençal--Calamari-w--tomato.jpg
83,Provençal Grilled Chicken Wings,Elia's Chef > HOT MEZZE,V10,"Oval pan, brass handles - MEDIUM",oval,28.5,18.5,,NOT MEASURED,,083_Provençal-Grilled-Chicken-Wings.jpg
84,Nayyeh Kibbeh,Elia's Chef > NAYYEH,V05,"Round pan, plain",round,20,,20,NOT MEASURED,,084_Nayyeh-Kibbeh.jpg
85,Orfaliyeh,Elia's Chef > NAYYEH,V05,"Round pan, plain",round,20,,20,NOT MEASURED,,085_Orfaliyeh.jpg
86,Kibbeh Malsa,Elia's Chef > NAYYEH,V16,"Long rect tray, plain",rect,33,18.5,,NOT MEASURED,,086_Kibbeh-Malsa.jpg
87,Mixed Grill,Elia's Chef > ON THE CHARCOAL,V09,"Oval pan, brass handles - LARGE",oval,33,23,,NOT MEASURED,,087_Mixed-Grill.jpg
88,Chekaf Lahmeh,Elia's Chef > ON THE CHARCOAL,V09,"Oval pan, brass handles - LARGE",oval,33,23,,NOT MEASURED,,088_Chekaf-Lahmeh.jpg
89,Kabab,Elia's Chef > ON THE CHARCOAL,V09,"Oval pan, brass handles - LARGE",oval,33,23,,NOT MEASURED,,089_Kabab.jpg
90,Kabab with Eggplant,Elia's Chef > ON THE CHARCOAL,V09,"Oval pan, brass handles - LARGE",oval,33,23,,NOT MEASURED,,090_Kabab-with-Eggplant.jpg
91,Chicken Kabab,Elia's Chef > ON THE CHARCOAL,V09,"Oval pan, brass handles - LARGE",oval,33,23,,NOT MEASURED,,091_Chicken-Kabab.jpg
92,Kafta Kabab with Tahini,Elia's Chef > ON THE CHARCOAL,V09,"Oval pan, brass handles - LARGE",oval,33,23,,NOT MEASURED,,092_Kafta-Kabab-with-Tahini.jpg
93,Kafta Kabab with Tomato Sauce,Elia's Chef > ON THE CHARCOAL,V09,"Oval pan, brass handles - LARGE",oval,33,23,,NOT MEASURED,,093_Kafta-Kabab-with-Tomato-Sauce.jpg
94,Shish Tawook,Elia's Chef > ON THE CHARCOAL,V09,"Oval pan, brass handles - LARGE",oval,33,23,,NOT MEASURED,,094_Shish-Tawook.jpg
95,Chicken Tawook with Herbs,Elia's Chef > ON THE CHARCOAL,V09,"Oval pan, brass handles - LARGE",oval,33,23,,NOT MEASURED,,095_Chicken-Tawook-with-Herbs.jpg
96,Fish Tawook,Elia's Chef > ON THE CHARCOAL,V16,"Long rect tray, plain",rect,33,18.5,,NOT MEASURED,,096_Fish-Tawook.jpg
97,Grilled Chicken,Elia's Chef > ON THE CHARCOAL,V09,"Oval pan, brass handles - LARGE",oval,33,23,,NOT MEASURED,,097_Grilled-Chicken.jpg
99,Lamb Cutlets with Rosemary,Elia's Chef > ON THE CHARCOAL,V15,"Long rect tray, brass handles",rect,33,20,,NOT MEASURED,,099_Lamb-Cutlets-with-Rosemary.jpg
100,Arayes Kafta,Elia's Chef > ON THE CHARCOAL,V15,"Long rect tray, brass handles",rect,33,20,,NOT MEASURED,,100_Arayes-Kafta.jpg
101,Beef Shawarma Platter,Elia's Chef > MAIN COURSES,V15,"Long rect tray, brass handles",rect,33,20,,NOT MEASURED,,101_Beef-Shawarma-Platter.jpg
102,Chicken Shawarma Platter,Elia's Chef > MAIN COURSES,V15,"Long rect tray, brass handles",rect,33,20,,NOT MEASURED,,102_Chicken-Shawarma-Platter.jpg
103,Fish Shawarma Platter,Elia's Chef > MAIN COURSES,V15,"Long rect tray, brass handles",rect,33,20,,NOT MEASURED,,103_Fish-Shawarma-Platter.jpg
104,Harra Samkeh,Elia's Chef > MAIN COURSES,V15,"Long rect tray, brass handles",rect,33,20,,NOT MEASURED,,104_Harra-Samkeh.jpg
105,Fakharet Sautéed Chicken Liver with debs,Elia's Chef > FAKHARAT,V03,"Round pan, brass handles - SMALL",round,16,,16,NOT MEASURED,,105_Fakharet-Sautéed-Chicken-Liver-with-debs.jpg
106,Fakharet Lahmet Ras Asfour,Elia's Chef > FAKHARAT,V20,Terracotta fakhara bowl,round,15.5,,15.5,NOT MEASURED,,106_Fakharet-Lahmet-Ras-Asfour.jpg
107,Fakharet Chicken Ras Asfour with Basil,Elia's Chef > FAKHARAT,V20,Terracotta fakhara bowl,round,15.5,,15.5,NOT MEASURED,,107_Fakharet-Chicken-Ras-Asfour-with-Basil.jpg
108,Chicken Shawarma Sandwich,Elia's Chef > Elia`s SANDWICHES,V15,"Long rect tray, brass handles",rect,33,20,,NOT MEASURED,,108_Chicken-Shawarma-Sandwich.jpg
109,Beef Shawarma Sandwich,Elia's Chef > Elia`s SANDWICHES,V15,"Long rect tray, brass handles",rect,33,20,,NOT MEASURED,,109_Beef-Shawarma-Sandwich.jpg
110,Tawook Sandwich,Elia's Chef > Elia`s SANDWICHES,V15,"Long rect tray, brass handles",rect,33,20,,NOT MEASURED,,110_Tawook-Sandwich.jpg
111,Kabab Sandwich,Elia's Chef > Elia`s SANDWICHES,V15,"Long rect tray, brass handles",rect,33,20,,NOT MEASURED,,111_Kabab-Sandwich.jpg
153,Um Ali,Elia`s Sweets > Elia`s Sweets,V20,Terracotta fakhara bowl,round,15.5,,15.5,NOT MEASURED,,153_Um-Ali.jpg
154,Halawet El Jeben,Elia`s Sweets > Elia`s Sweets,V08,"Flat round plate, wide rim - LARGE",round,23,,23,NOT MEASURED,,154_Halawet-El-Jeben.jpg
155,Knafeh Naameh,Elia`s Sweets > Elia`s Sweets,V08,"Flat round plate, wide rim - LARGE",round,23,,23,NOT MEASURED,,155_Knafeh-Naameh.jpg
156,Knafeh Kheshneh,Elia`s Sweets > Elia`s Sweets,V08,"Flat round plate, wide rim - LARGE",round,23,,23,NOT MEASURED,,156_Knafeh-Kheshneh.jpg
157,Othmallyeh,Elia`s Sweets > Elia`s Sweets,V02,"Round pan, brass handles - MEDIUM",round,20,,20,NOT MEASURED,,157_Othmallyeh.jpg
158,Baqlawah,Elia`s Sweets > Elia`s Sweets,V08,"Flat round plate, wide rim - LARGE",round,23,,23,NOT MEASURED,,158_Baqlawah.jpg
159,ICE Cream Knafeh,Elia`s Sweets > Elia`s Sweets,V08,"Flat round plate, wide rim - LARGE",round,23,,23,NOT MEASURED,,159_ICE-Cream-Knafeh.jpg
160,Fruit Platter,Elia`s Sweets > Elia`s Sweets,V18,Square steel plate - LARGE,rect,26,26,,NOT MEASURED,,160_Fruit-Platter.jpg
161,Mix Platter Shots,Elia`s Sweets > Elia`s Sweets,V25,Round wooden paddle board,round,29.5,,29.5,NOT MEASURED,,161_Mix-Platter-Shots.jpg
